,perf_per_capita,ai_intensity,exec_cognition,soe,firm_size,roa
perf_per_capita,1.0,-0.00038203780520469806,-0.009073841020944847,-0.01220078348355889,-0.024727242779730124,-0.03432162925227342
ai_intensity,-0.00038203780520469806,1.0,-0.0049938083481905204,-0.020279752477956162,-0.08067066468335042,-0.05579420909671825
exec_cognition,-0.009073841020944847,-0.0049938083481905204,1.0,-0.015354544922944085,0.023297264345339908,0.04618064152199519
soe,-0.01220078348355889,-0.020279752477956162,-0.015354544922944085,1.0,-0.022522604183454534,0.008218329431004643
firm_size,-0.024727242779730124,-0.08067066468335042,0.023297264345339908,-0.022522604183454534,1.0,-0.04535436937971132
roa,-0.03432162925227342,-0.05579420909671825,0.04618064152199519,0.008218329431004643,-0.04535436937971132,1.0
