Variable,VIF
const,1119.1792007206611
ai_intensity,9.145282745239266
exec_cognition,2.81510914049232
soe,2.8613209792499283
ai_x_cognition,10.653148282266029
ai_x_soe,3.1457657530090035
firm_size,1.0124642610281769
roa,1.007972791052185
