,perf_per_capita,firm_size,roa,ai_intensity,exec_cognition
count,800.0,800.0,800.0,800.0,800.0
mean,2169182.0008600526,25.13046748008536,0.07071371567459137,1.830497273638203,0.3466657335719836
std,3813249.0497615803,0.7682070808612721,0.02889697286421195,1.3359668092131878,0.12295389122810986
min,29298.48820900254,22.77251139232518,0.020991532908622455,0.05064352141250036,0.125
25%,514074.3991580444,24.689679774168795,0.04660617137297213,0.7854489318985111,0.25
50%,1002499.5713415248,25.369738724954026,0.07014732599385175,1.4999232977925447,0.3333333333333333
75%,1972307.6042879329,25.723979194564045,0.09561635493645078,2.708031197970702,0.45454545454545453
max,25319869.00916642,26.011383875357495,0.11922901179836395,4.8696473098309845,0.5714285714285714
